event_id;case_id;activity;timestamp;costs
EVENT4;CASE3;send bill;2024-11-28 13:14:55;High_Costs
EVENT6;CASE1;send bill;2024-11-28 09:34:57;High_Costs
EVENT9;CASE2;send bill;2024-11-28 09:33:02;High_Costs
EVENT12;CASE4;send bill;2024-11-28 12:53:20;High_Costs
EVENT15;CASE5;send bill;2024-11-28 11:43:12;High_Costs
EVENT21;CASE6;send bill;2024-11-28 11:37:52;High_Costs
EVENT22;CASE7;send bill;2024-11-28 11:46:33;High_Costs
EVENT25;CASE8;send bill;2024-11-28 12:15:15;High_Costs
EVENT32;CASE9;send bill;2024-11-28 14:16:16;High_Costs
EVENT36;CASE10;send bill;2024-11-28 13:57:55;High_Costs
EVENT42;CASE11;send bill;2024-11-28 14:46:16;High_Costs
EVENT43;CASE12;send bill;2024-11-28 15:30:14;High_Costs
EVENT49;CASE13;send bill;2024-11-28 16:40:55;High_Costs
EVENT53;CASE14;send bill;2024-11-28 17:00:00;High_Costs
EVENT58;CASE15;send bill;2024-11-28 17:51:30;High_Costs
EVENT60;CASE16;send bill;2024-11-28 17:37:45;High_Costs
EVENT64;CASE17;send bill;2024-11-28 19:07:21;High_Costs
EVENT67;CASE18;send bill;2024-11-28 19:39:50;High_Costs
EVENT73;CASE19;send bill;2024-11-29 07:55:17;High_Costs
EVENT76;CASE20;send bill;2024-11-29 09:57:04;High_Costs
EVENT81;CASE21;send bill;2024-11-29 12:11:06;High_Costs
EVENT85;CASE22;send bill;2024-11-29 12:41:02;High_Costs
EVENT89;CASE23;send bill;2024-11-29 13:07:13;High_Costs
EVENT92;CASE24;send bill;2024-11-29 14:00:38;High_Costs
EVENT97;CASE25;send bill;2024-11-29 13:25:06;High_Costs
EVENT102;CASE26;send bill;2024-11-29 16:02:19;High_Costs
EVENT106;CASE27;send bill;2024-11-29 18:10:44;High_Costs
EVENT109;CASE28;send bill;2024-11-29 18:18:45;High_Costs
EVENT112;CASE29;send bill;2024-11-29 16:49:22;High_Costs
EVENT116;CASE30;send bill;2024-12-02 08:33:57;High_Costs
EVENT119;CASE31;send bill;2024-12-02 08:15:30;High_Costs
EVENT122;CASE32;send bill;2024-12-02 09:24:37;High_Costs
EVENT128;CASE33;send bill;2024-12-02 09:26:12;High_Costs
EVENT135;CASE35;send bill;2024-12-02 09:56:15;High_Costs
EVENT138;CASE34;send bill;2024-12-02 11:30:06;High_Costs
EVENT140;CASE36;send bill;2024-12-02 09:55:01;High_Costs
EVENT144;CASE37;send bill;2024-12-02 11:51:36;High_Costs
EVENT150;CASE39;send bill;2024-12-02 12:44:55;High_Costs
EVENT153;CASE38;send bill;2024-12-02 14:25:27;High_Costs
EVENT155;CASE40;send bill;2024-12-02 13:24:55;High_Costs
EVENT160;CASE41;send bill;2024-12-02 13:38:30;High_Costs
EVENT163;CASE42;send bill;2024-12-02 13:29:40;High_Costs
EVENT169;CASE43;send bill;2024-12-02 14:58:23;High_Costs
EVENT175;CASE44;send bill;2024-12-02 15:26:10;High_Costs
EVENT178;CASE45;send bill;2024-12-02 19:02:47;High_Costs
EVENT182;CASE46;send bill;2024-12-03 08:20:17;High_Costs
EVENT184;CASE47;send bill;2024-12-02 18:02:18;High_Costs
EVENT188;CASE48;send bill;2024-12-02 18:40:37;High_Costs
EVENT192;CASE49;send bill;2024-12-03 09:20:17;High_Costs
EVENT196;CASE50;send bill;2024-12-03 09:47:17;High_Costs
EVENT201;CASE51;send bill;2024-12-03 08:43:27;High_Costs
EVENT205;CASE53;send bill;2024-12-03 12:15:16;High_Costs
EVENT207;CASE52;send bill;2024-12-03 10:08:20;High_Costs
EVENT214;CASE55;send bill;2024-12-03 12:43:01;High_Costs
EVENT218;CASE54;send bill;2024-12-03 17:49:58;High_Costs
EVENT219;CASE56;send bill;2024-12-03 11:10:20;High_Costs
EVENT223;CASE57;send bill;2024-12-03 13:30:35;High_Costs
EVENT227;CASE58;send bill;2024-12-03 14:28:40;High_Costs
EVENT230;CASE60;send bill;2024-12-03 13:56:17;High_Costs
EVENT235;CASE59;send bill;2024-12-03 14:15:24;High_Costs
EVENT239;CASE62;send bill;2024-12-03 14:54:35;High_Costs
EVENT240;CASE61;send bill;2024-12-03 13:52:23;High_Costs
EVENT244;CASE63;send bill;2024-12-03 13:58:16;High_Costs
EVENT248;CASE64;send bill;2024-12-03 15:40:39;High_Costs
EVENT255;CASE65;send bill;2024-12-03 17:00:48;High_Costs
EVENT261;CASE66;send bill;2024-12-03 17:05:34;High_Costs
EVENT267;CASE67;send bill;2024-12-03 18:21:24;High_Costs
EVENT270;CASE68;send bill;2024-12-03 18:19:46;High_Costs
EVENT271;CASE69;send bill;2024-12-04 07:26:12;High_Costs
EVENT276;CASE70;send bill;2024-12-03 19:18:39;High_Costs
EVENT280;CASE71;send bill;2024-12-04 07:54:24;High_Costs
EVENT287;CASE72;send bill;2024-12-04 09:31:35;High_Costs
EVENT288;CASE73;send bill;2024-12-04 10:31:28;High_Costs
EVENT292;CASE74;send bill;2024-12-04 10:32:55;High_Costs
EVENT296;CASE75;send bill;2024-12-04 11:15:49;High_Costs
EVENT299;CASE76;send bill;2024-12-04 11:03:28;High_Costs
EVENT305;CASE78;send bill;2024-12-04 12:25:57;High_Costs
EVENT309;CASE77;send bill;2024-12-04 14:13:55;High_Costs
EVENT313;CASE79;send bill;2024-12-04 13:45:55;High_Costs
EVENT317;CASE80;send bill;2024-12-04 14:27:21;High_Costs
EVENT322;CASE81;send bill;2024-12-04 15:31:58;High_Costs
EVENT325;CASE82;send bill;2024-12-04 14:48:01;High_Costs
EVENT328;CASE83;send bill;2024-12-04 16:25:42;High_Costs
EVENT332;CASE84;send bill;2024-12-04 16:04:37;High_Costs
EVENT336;CASE85;send bill;2024-12-04 17:34:29;High_Costs
EVENT340;CASE86;send bill;2024-12-04 16:43:13;High_Costs
EVENT345;CASE87;send bill;2024-12-04 18:03:46;High_Costs
EVENT350;CASE88;send bill;2024-12-05 13:19:08;High_Costs
EVENT354;CASE89;send bill;2024-12-05 09:50:42;High_Costs
EVENT357;CASE90;send bill;2024-12-05 13:08:03;High_Costs
EVENT361;CASE91;send bill;2024-12-05 13:51:30;High_Costs
EVENT363;CASE92;send bill;2024-12-05 13:24:09;High_Costs
EVENT366;CASE93;send bill;2024-12-05 14:57:30;High_Costs
EVENT373;CASE94;send bill;2024-12-05 15:10:43;High_Costs
EVENT376;CASE95;send bill;2024-12-05 16:31:42;High_Costs
EVENT380;CASE96;send bill;2024-12-05 16:21:07;High_Costs
EVENT383;CASE97;send bill;2024-12-05 15:33:16;High_Costs
EVENT389;CASE99;send bill;2024-12-05 17:07:52;High_Costs
EVENT390;CASE98;send bill;2024-12-05 15:32:11;High_Costs
EVENT395;CASE101;send bill;2024-12-05 16:34:34;High_Costs
EVENT397;CASE100;send bill;2024-12-06 07:34:36;High_Costs
EVENT402;CASE102;send bill;2024-12-05 19:22:47;High_Costs
EVENT405;CASE104;send bill;2024-12-05 16:59:46;High_Costs
EVENT407;CASE103;send bill;2024-12-06 11:24:36;High_Costs
EVENT416;CASE105;send bill;2024-12-05 17:59:11;High_Costs
EVENT420;CASE106;send bill;2024-12-06 09:27:01;High_Costs
EVENT423;CASE107;send bill;2024-12-06 10:09:27;High_Costs
EVENT427;CASE108;send bill;2024-12-06 09:35:24;High_Costs
EVENT430;CASE109;send bill;2024-12-06 10:07:30;High_Costs
EVENT434;CASE111;send bill;2024-12-06 13:40:38;High_Costs
EVENT436;CASE110;send bill;2024-12-06 09:26:43;High_Costs
EVENT443;CASE112;send bill;2024-12-06 11:06:54;High_Costs
EVENT445;CASE113;send bill;2024-12-06 13:08:25;High_Costs
EVENT452;CASE114;send bill;2024-12-06 16:11:49;High_Costs
EVENT456;CASE115;send bill;2024-12-06 13:44:47;High_Costs
EVENT462;CASE116;send bill;2024-12-06 17:26:41;High_Costs
EVENT465;CASE117;send bill;2024-12-06 14:53:15;High_Costs
EVENT469;CASE118;send bill;2024-12-06 19:02:49;High_Costs
EVENT471;CASE119;send bill;2024-12-09 07:07:47;High_Costs
EVENT476;CASE120;send bill;2024-12-06 18:49:14;High_Costs
EVENT479;CASE121;send bill;2024-12-06 19:05:20;High_Costs
EVENT482;CASE122;send bill;2024-12-09 09:07:45;High_Costs
EVENT491;CASE124;send bill;2024-12-09 10:20:51;High_Costs
EVENT494;CASE123;send bill;2024-12-09 12:06:32;High_Costs
EVENT498;CASE126;send bill;2024-12-09 11:01:04;High_Costs
EVENT500;CASE125;send bill;2024-12-09 10:36:57;High_Costs
EVENT506;CASE127;send bill;2024-12-09 11:36:09;High_Costs
EVENT510;CASE128;send bill;2024-12-09 11:47:39;High_Costs
EVENT514;CASE129;send bill;2024-12-09 13:57:10;High_Costs
EVENT518;CASE130;send bill;2024-12-09 13:38:53;High_Costs
EVENT523;CASE131;send bill;2024-12-09 16:13:06;High_Costs
EVENT525;CASE132;send bill;2024-12-09 16:50:54;High_Costs
EVENT529;CASE133;send bill;2024-12-09 16:40:47;High_Costs
EVENT533;CASE135;send bill;2024-12-10 07:58:28;High_Costs
EVENT535;CASE134;send bill;2024-12-09 16:46:54;High_Costs
EVENT540;CASE136;send bill;2024-12-10 09:37:18;High_Costs
EVENT543;CASE137;send bill;2024-12-10 08:17:16;High_Costs
EVENT548;CASE138;send bill;2024-12-10 11:35:25;High_Costs
EVENT554;CASE139;send bill;2024-12-10 10:51:40;High_Costs
EVENT558;CASE140;send bill;2024-12-10 11:47:29;High_Costs
EVENT562;CASE142;send bill;2024-12-10 13:47:15;High_Costs
EVENT564;CASE141;send bill;2024-12-10 11:45:24;High_Costs
EVENT569;CASE144;send bill;2024-12-10 11:45:29;High_Costs
EVENT571;CASE143;send bill;2024-12-10 14:44:39;High_Costs
EVENT574;CASE145;send bill;2024-12-10 13:57:53;High_Costs
EVENT579;CASE146;send bill;2024-12-10 15:54:09;High_Costs
EVENT585;CASE147;send bill;2024-12-10 14:27:18;High_Costs
EVENT589;CASE149;send bill;2024-12-10 14:47:47;High_Costs
EVENT591;CASE148;send bill;2024-12-10 18:51:31;High_Costs
EVENT595;CASE150;send bill;2024-12-10 14:42:58;High_Costs
EVENT599;CASE151;send bill;2024-12-10 17:35:26;High_Costs
EVENT605;CASE152;send bill;2024-12-10 16:23:47;High_Costs
EVENT609;CASE153;send bill;2024-12-10 16:47:16;High_Costs
EVENT613;CASE154;send bill;2024-12-10 18:12:25;High_Costs
EVENT616;CASE156;send bill;2024-12-10 18:18:40;High_Costs
EVENT620;CASE157;send bill;2024-12-11 08:28:32;High_Costs
EVENT622;CASE155;send bill;2024-12-11 08:03:38;High_Costs
EVENT629;CASE158;send bill;2024-12-11 08:17:32;High_Costs
EVENT635;CASE159;send bill;2024-12-11 08:44:50;High_Costs
EVENT638;CASE160;send bill;2024-12-11 10:42:01;High_Costs
EVENT640;CASE161;send bill;2024-12-11 10:38:47;High_Costs
EVENT644;CASE162;send bill;2024-12-11 12:43:11;High_Costs
EVENT650;CASE163;send bill;2024-12-11 12:46:21;High_Costs
EVENT652;CASE164;send bill;2024-12-11 13:19:59;High_Costs
EVENT655;CASE165;send bill;2024-12-11 12:33:29;High_Costs
EVENT659;CASE166;send bill;2024-12-11 12:39:59;High_Costs
EVENT661;CASE167;send bill;2024-12-11 13:01:57;High_Costs
EVENT664;CASE168;send bill;2024-12-11 11:39:43;High_Costs
EVENT669;CASE170;send bill;2024-12-11 14:18:09;High_Costs
EVENT677;CASE171;send bill;2024-12-11 14:38:24;High_Costs
EVENT678;CASE169;send bill;2024-12-11 15:44:08;High_Costs
EVENT682;CASE172;send bill;2024-12-11 14:28:39;High_Costs
EVENT686;CASE173;send bill;2024-12-11 13:27:21;High_Costs
EVENT692;CASE174;send bill;2024-12-11 16:15:20;High_Costs
EVENT693;CASE176;send bill;2024-12-11 14:51:34;High_Costs
EVENT698;CASE177;send bill;2024-12-11 13:48:16;High_Costs
EVENT701;CASE175;send bill;2024-12-11 15:20:40;High_Costs
EVENT706;CASE179;send bill;2024-12-11 15:51:52;High_Costs
EVENT707;CASE180;send bill;2024-12-11 15:15:33;High_Costs
EVENT712;CASE178;send bill;2024-12-11 14:48:55;High_Costs
EVENT719;CASE181;send bill;2024-12-11 15:52:50;High_Costs
EVENT723;CASE182;send bill;2024-12-12 08:05:05;High_Costs
EVENT727;CASE184;send bill;2024-12-11 18:33:15;High_Costs
EVENT731;CASE183;send bill;2024-12-11 18:14:07;High_Costs
EVENT733;CASE185;send bill;2024-12-11 17:08:42;High_Costs
EVENT738;CASE186;send bill;2024-12-11 19:35:57;High_Costs
EVENT743;CASE187;send bill;2024-12-11 18:34:43;High_Costs
EVENT752;CASE191;send bill;2024-12-12 11:21:23;High_Costs
EVENT754;CASE188;send bill;2024-12-12 07:49:56;High_Costs
EVENT757;CASE189;send bill;2024-12-12 09:48:39;High_Costs
EVENT759;CASE190;send bill;2024-12-12 10:46:35;High_Costs
EVENT763;CASE193;send bill;2024-12-12 10:34:20;High_Costs
EVENT766;CASE192;send bill;2024-12-12 09:54:36;High_Costs
EVENT771;CASE195;send bill;2024-12-12 10:50:12;High_Costs
EVENT773;CASE194;send bill;2024-12-12 09:47:05;High_Costs
EVENT779;CASE196;send bill;2024-12-12 11:56:16;High_Costs
EVENT788;CASE197;send bill;2024-12-12 15:51:01;High_Costs
EVENT790;CASE200;send bill;2024-12-12 13:49:45;High_Costs
EVENT794;CASE201;send bill;2024-12-12 11:42:02;High_Costs
EVENT796;CASE199;send bill;2024-12-12 16:27:16;High_Costs
EVENT799;CASE198;send bill;2024-12-12 13:24:46;High_Costs
EVENT800;CASE202;send bill;2024-12-12 14:58:27;High_Costs
EVENT805;CASE203;send bill;2024-12-12 11:58:44;High_Costs
EVENT809;CASE204;send bill;2024-12-12 16:41:54;High_Costs
EVENT813;CASE205;send bill;2024-12-12 14:53:06;High_Costs
EVENT815;CASE206;send bill;2024-12-12 14:35:13;High_Costs
EVENT818;CASE207;send bill;2024-12-12 13:45:08;High_Costs
EVENT825;CASE209;send bill;2024-12-12 16:06:21;High_Costs
EVENT827;CASE208;send bill;2024-12-12 14:52:57;High_Costs
EVENT837;CASE210;send bill;2024-12-12 16:32:47;High_Costs
EVENT841;CASE212;send bill;2024-12-12 17:32:25;High_Costs
EVENT842;CASE211;send bill;2024-12-13 11:26:01;High_Costs
EVENT848;CASE214;send bill;2024-12-13 09:36:40;High_Costs
EVENT851;CASE213;send bill;2024-12-12 17:37:39;High_Costs
EVENT856;CASE215;send bill;2024-12-13 07:52:48;High_Costs
EVENT861;CASE217;send bill;2024-12-12 18:49:37;High_Costs
EVENT864;CASE216;send bill;2024-12-13 10:13:25;High_Costs
EVENT867;CASE218;send bill;2024-12-13 07:33:13;High_Costs
EVENT870;CASE219;send bill;2024-12-13 07:07:02;High_Costs
EVENT873;CASE220;send bill;2024-12-13 09:17:17;High_Costs
EVENT878;CASE221;send bill;2024-12-13 10:03:25;High_Costs
EVENT884;CASE222;send bill;2024-12-13 16:08:04;High_Costs
EVENT889;CASE223;send bill;2024-12-13 12:44:50;High_Costs
EVENT893;CASE225;send bill;2024-12-13 13:35:17;High_Costs
EVENT896;CASE224;send bill;2024-12-13 14:37:47;High_Costs
EVENT900;CASE226;send bill;2024-12-13 15:40:28;High_Costs
EVENT906;CASE228;send bill;2024-12-13 15:09:55;High_Costs
EVENT907;CASE227;send bill;2024-12-13 16:24:31;High_Costs
EVENT913;CASE229;send bill;2024-12-13 15:36:58;High_Costs
EVENT914;CASE230;send bill;2024-12-13 16:56:46;High_Costs
EVENT919;CASE232;send bill;2024-12-13 19:00:48;High_Costs
EVENT922;CASE231;send bill;2024-12-13 15:44:48;High_Costs
EVENT929;CASE233;send bill;2024-12-16 10:18:27;High_Costs
EVENT932;CASE234;send bill;2024-12-16 10:46:47;High_Costs
EVENT937;CASE235;send bill;2024-12-16 09:32:14;High_Costs
EVENT940;CASE236;send bill;2024-12-16 12:00:51;High_Costs
EVENT947;CASE237;send bill;2024-12-16 15:28:34;High_Costs
EVENT948;CASE238;send bill;2024-12-16 12:47:28;High_Costs
EVENT953;CASE239;send bill;2024-12-16 14:15:46;High_Costs
EVENT956;CASE240;send bill;2024-12-16 13:53:21;High_Costs
EVENT959;CASE241;send bill;2024-12-16 13:47:13;High_Costs
EVENT967;CASE242;send bill;2024-12-17 09:35:44;High_Costs
EVENT970;CASE243;send bill;2024-12-16 17:33:50;High_Costs
EVENT974;CASE244;send bill;2024-12-16 18:51:30;High_Costs
EVENT978;CASE246;send bill;2024-12-17 07:58:42;High_Costs
EVENT979;CASE245;send bill;2024-12-17 09:26:19;High_Costs
EVENT984;CASE247;send bill;2024-12-17 08:06:33;High_Costs
EVENT985;CASE248;send bill;2024-12-17 08:43:23;High_Costs
EVENT989;CASE249;send bill;2024-12-17 08:21:37;High_Costs
EVENT996;CASE250;send bill;2024-12-17 11:31:14;High_Costs
EVENT1000;CASE251;send bill;2024-12-17 10:36:03;High_Costs
EVENT1005;CASE252;send bill;2024-12-17 11:44:34;High_Costs
EVENT1009;CASE253;send bill;2024-12-17 11:53:04;High_Costs
EVENT1011;CASE254;send bill;2024-12-17 10:50:48;High_Costs
EVENT1015;CASE255;send bill;2024-12-17 12:16:38;High_Costs
EVENT1023;CASE256;send bill;2024-12-17 13:36:19;High_Costs
EVENT1025;CASE257;send bill;2024-12-18 09:43:02;High_Costs
EVENT1030;CASE258;send bill;2024-12-17 15:25:25;High_Costs
EVENT1034;CASE259;send bill;2024-12-17 17:22:21;High_Costs
EVENT1036;CASE260;send bill;2024-12-17 16:12:29;High_Costs
EVENT1040;CASE261;send bill;2024-12-17 17:29:31;High_Costs
EVENT1044;CASE262;send bill;2024-12-17 16:52:46;High_Costs
EVENT1046;CASE263;send bill;2024-12-17 19:32:07;High_Costs
EVENT1050;CASE264;send bill;2024-12-17 19:40:13;High_Costs
EVENT1058;CASE267;send bill;2024-12-18 08:26:44;High_Costs
EVENT1059;CASE265;send bill;2024-12-18 15:15:49;High_Costs
EVENT1062;CASE266;send bill;2024-12-18 10:56:46;High_Costs
EVENT1068;CASE269;send bill;2024-12-18 12:22:24;High_Costs
EVENT1071;CASE268;send bill;2024-12-18 11:08:01;High_Costs
EVENT1073;CASE270;send bill;2024-12-18 09:54:16;High_Costs
EVENT1078;CASE271;send bill;2024-12-18 11:32:55;High_Costs
EVENT1083;CASE272;send bill;2024-12-18 12:54:19;High_Costs
EVENT1086;CASE273;send bill;2024-12-18 11:29:12;High_Costs
EVENT1092;CASE274;send bill;2024-12-18 11:50:29;High_Costs
EVENT1098;CASE275;send bill;2024-12-18 13:38:04;High_Costs
EVENT1101;CASE276;send bill;2024-12-18 13:38:52;High_Costs
EVENT1104;CASE277;send bill;2024-12-18 13:15:24;High_Costs
EVENT1108;CASE279;send bill;2024-12-18 14:31:25;High_Costs
EVENT1111;CASE278;send bill;2024-12-18 15:45:34;High_Costs
EVENT1118;CASE280;send bill;2024-12-18 16:50:22;High_Costs
EVENT1121;CASE281;send bill;2024-12-18 16:11:51;High_Costs
EVENT1124;CASE282;send bill;2024-12-18 18:58:56;High_Costs
EVENT1127;CASE283;send bill;2024-12-18 15:05:36;High_Costs
EVENT1128;CASE284;send bill;2024-12-18 16:14:49;High_Costs
EVENT1132;CASE285;send bill;2024-12-18 17:13:11;High_Costs
EVENT1136;CASE286;send bill;2024-12-18 15:39:46;High_Costs
EVENT1138;CASE287;send bill;2024-12-18 16:42:48;High_Costs
EVENT1142;CASE288;send bill;2024-12-19 09:05:05;High_Costs
EVENT1148;CASE289;send bill;2024-12-18 17:19:15;High_Costs
EVENT1154;CASE290;send bill;2024-12-18 18:24:10;High_Costs
EVENT1160;CASE291;send bill;2024-12-19 08:04:06;High_Costs
EVENT1165;CASE293;send bill;2024-12-19 09:28:05;High_Costs
EVENT1166;CASE294;send bill;2024-12-19 08:29:59;High_Costs
EVENT1168;CASE292;send bill;2024-12-19 09:41:31;High_Costs
EVENT1175;CASE295;send bill;2024-12-19 09:08:04;High_Costs
EVENT1177;CASE296;send bill;2024-12-19 10:13:45;High_Costs
EVENT1180;CASE297;send bill;2024-12-19 07:56:23;High_Costs
EVENT1186;CASE298;send bill;2024-12-19 10:14:55;High_Costs
EVENT1190;CASE299;send bill;2024-12-19 10:52:56;High_Costs
EVENT1193;CASE300;send bill;2024-12-19 11:42:14;High_Costs
EVENT1197;CASE301;send bill;2024-12-19 09:38:11;High_Costs
EVENT1201;CASE302;send bill;2024-12-19 09:37:42;High_Costs
EVENT1209;CASE303;send bill;2024-12-19 10:55:03;High_Costs
EVENT1213;CASE304;send bill;2024-12-19 13:23:24;High_Costs
EVENT1215;CASE305;send bill;2024-12-19 13:49:54;High_Costs
EVENT1220;CASE306;send bill;2024-12-19 13:30:46;High_Costs
EVENT1225;CASE308;send bill;2024-12-19 14:07:34;High_Costs
EVENT1227;CASE307;send bill;2024-12-19 14:06:43;High_Costs
EVENT1230;CASE309;send bill;2024-12-19 14:04:31;High_Costs
EVENT1237;CASE310;send bill;2024-12-19 16:27:43;High_Costs
EVENT1241;CASE311;send bill;2024-12-19 16:37:35;High_Costs
EVENT1244;CASE312;send bill;2024-12-19 16:05:36;High_Costs
EVENT1247;CASE313;send bill;2024-12-19 16:24:50;High_Costs
EVENT1253;CASE314;send bill;2024-12-20 09:52:50;High_Costs
EVENT1257;CASE315;send bill;2024-12-19 19:13:42;High_Costs
EVENT1263;CASE317;send bill;2024-12-20 10:51:42;High_Costs
EVENT1264;CASE316;send bill;2024-12-20 08:58:49;High_Costs
EVENT1268;CASE318;send bill;2024-12-20 11:58:36;High_Costs
EVENT1273;CASE319;send bill;2024-12-20 14:31:48;High_Costs
EVENT1276;CASE320;send bill;2024-12-20 13:05:31;High_Costs
EVENT1280;CASE321;send bill;2024-12-20 12:58:52;High_Costs
EVENT1285;CASE322;send bill;2024-12-20 13:56:12;High_Costs
EVENT1289;CASE323;send bill;2024-12-20 16:29:27;High_Costs
EVENT1294;CASE325;send bill;2024-12-20 14:55:55;High_Costs
EVENT1296;CASE324;send bill;2024-12-20 17:27:01;High_Costs
EVENT1301;CASE326;send bill;2024-12-20 14:44:13;High_Costs
EVENT1305;CASE328;send bill;2024-12-20 17:46:32;High_Costs
EVENT1306;CASE327;send bill;2024-12-20 16:33:54;High_Costs
EVENT1310;CASE329;send bill;2024-12-20 17:03:39;High_Costs
EVENT1316;CASE330;send bill;2024-12-20 17:13:53;High_Costs
EVENT1321;CASE331;send bill;2024-12-20 19:16:59;High_Costs
EVENT1325;CASE332;send bill;2024-12-20 18:58:10;High_Costs
EVENT1331;CASE333;send bill;2024-12-23 08:38:24;High_Costs
EVENT1334;CASE334;send bill;2024-12-23 12:22:46;High_Costs
EVENT1338;CASE335;send bill;2024-12-23 11:32:35;High_Costs
EVENT1340;CASE336;send bill;2024-12-23 12:10:45;High_Costs
EVENT1344;CASE337;send bill;2024-12-23 14:04:01;High_Costs
EVENT1347;CASE338;send bill;2024-12-23 12:15:38;High_Costs
EVENT1352;CASE339;send bill;2024-12-23 14:39:37;High_Costs
EVENT1356;CASE340;send bill;2024-12-23 14:21:26;High_Costs
EVENT1360;CASE341;send bill;2024-12-23 15:42:21;High_Costs
EVENT1366;CASE342;send bill;2024-12-23 15:39:53;High_Costs
EVENT1370;CASE344;send bill;2024-12-23 17:02:42;High_Costs
EVENT1372;CASE343;send bill;2024-12-23 17:11:29;High_Costs
EVENT1379;CASE345;send bill;2024-12-24 08:13:57;High_Costs
EVENT1382;CASE347;send bill;2024-12-24 07:41:50;High_Costs
EVENT1385;CASE346;send bill;2024-12-24 08:05:20;High_Costs
EVENT1388;CASE349;send bill;2024-12-23 18:59:55;High_Costs
EVENT1391;CASE348;send bill;2024-12-24 10:07:41;High_Costs
EVENT1399;CASE350;send bill;2024-12-24 11:00:02;High_Costs
EVENT1401;CASE351;send bill;2024-12-24 10:27:00;High_Costs
EVENT1404;CASE352;send bill;2024-12-24 09:46:13;High_Costs
EVENT1409;CASE353;send bill;2024-12-24 16:12:56;High_Costs
EVENT1412;CASE354;send bill;2024-12-24 12:20:02;High_Costs
EVENT1416;CASE355;send bill;2024-12-24 13:17:29;High_Costs
EVENT1421;CASE357;send bill;2024-12-24 12:41:38;High_Costs
EVENT1424;CASE356;send bill;2024-12-24 13:57:07;High_Costs
EVENT1427;CASE358;send bill;2024-12-24 12:56:15;High_Costs
EVENT1433;CASE359;send bill;2024-12-24 16:09:16;High_Costs
EVENT1438;CASE361;send bill;2024-12-24 15:42:35;High_Costs
EVENT1440;CASE360;send bill;2024-12-25 09:04:18;High_Costs
EVENT1444;CASE363;send bill;2024-12-24 17:19:27;High_Costs
EVENT1446;CASE362;send bill;2024-12-24 17:07:36;High_Costs
EVENT1450;CASE364;send bill;2024-12-24 17:45:11;High_Costs
EVENT1454;CASE365;send bill;2024-12-24 19:38:41;High_Costs
EVENT1461;CASE366;send bill;2024-12-25 08:11:53;High_Costs
EVENT1465;CASE367;send bill;2024-12-25 09:52:32;High_Costs
EVENT1469;CASE368;send bill;2024-12-25 13:42:07;High_Costs
EVENT1472;CASE369;send bill;2024-12-25 11:32:35;High_Costs
EVENT1475;CASE370;send bill;2024-12-25 11:21:03;High_Costs
EVENT1481;CASE371;send bill;2024-12-25 15:05:53;High_Costs
EVENT1485;CASE372;send bill;2024-12-25 12:43:13;High_Costs
EVENT1489;CASE373;send bill;2024-12-25 13:11:37;High_Costs
EVENT1493;CASE376;send bill;2024-12-25 16:59:32;High_Costs
EVENT1496;CASE374;send bill;2024-12-25 13:37:32;High_Costs
EVENT1498;CASE375;send bill;2024-12-25 13:29:17;High_Costs
EVENT1502;CASE377;send bill;2024-12-25 15:58:43;High_Costs
EVENT1504;CASE379;send bill;2024-12-25 13:52:23;High_Costs
EVENT1511;CASE380;send bill;2024-12-25 14:52:44;High_Costs
EVENT1513;CASE378;send bill;2024-12-25 17:07:49;High_Costs
EVENT1518;CASE381;send bill;2024-12-25 15:32:29;High_Costs
EVENT1523;CASE382;send bill;2024-12-25 16:57:20;High_Costs
EVENT1527;CASE383;send bill;2024-12-25 18:26:50;High_Costs
EVENT1533;CASE385;send bill;2024-12-25 19:27:54;High_Costs
EVENT1535;CASE384;send bill;2024-12-25 17:18:48;High_Costs
EVENT1541;CASE386;send bill;2024-12-26 08:08:05;High_Costs
EVENT1546;CASE387;send bill;2024-12-26 08:46:36;High_Costs
EVENT1549;CASE388;send bill;2024-12-26 09:22:14;High_Costs
EVENT1554;CASE389;send bill;2024-12-26 11:00:34;High_Costs
EVENT1557;CASE390;send bill;2024-12-26 15:05:33;High_Costs
EVENT1561;CASE391;send bill;2024-12-26 13:52:58;High_Costs
EVENT1564;CASE392;send bill;2024-12-26 13:42:52;High_Costs
EVENT1568;CASE393;send bill;2024-12-26 16:18:42;High_Costs
EVENT1570;CASE394;send bill;2024-12-26 12:52:04;High_Costs
EVENT1574;CASE395;send bill;2024-12-26 14:56:36;High_Costs
EVENT1579;CASE396;send bill;2024-12-26 15:48:17;High_Costs
EVENT1582;CASE397;send bill;2024-12-26 15:56:35;High_Costs
EVENT1585;CASE398;send bill;2024-12-26 14:57:45;High_Costs
EVENT1588;CASE399;send bill;2024-12-26 16:06:08;High_Costs
EVENT1595;CASE400;send bill;2024-12-27 08:17:09;High_Costs
EVENT1604;CASE402;send bill;2024-12-26 17:52:14;High_Costs
EVENT1606;CASE401;send bill;2024-12-26 17:40:10;High_Costs
EVENT1608;CASE403;send bill;2024-12-26 17:55:25;High_Costs
EVENT1611;CASE404;send bill;2024-12-26 19:33:43;High_Costs
EVENT1616;CASE405;send bill;2024-12-26 19:08:12;High_Costs
EVENT1621;CASE406;send bill;2024-12-27 09:07:42;High_Costs
EVENT1627;CASE407;send bill;2024-12-27 14:25:55;High_Costs
EVENT1628;CASE408;send bill;2024-12-27 09:19:13;High_Costs
EVENT1636;CASE410;send bill;2024-12-27 11:23:15;High_Costs
EVENT1638;CASE411;send bill;2024-12-27 14:05:08;High_Costs
EVENT1639;CASE409;send bill;2024-12-27 11:54:48;High_Costs
EVENT1642;CASE412;send bill;2024-12-27 15:41:48;High_Costs
EVENT1646;CASE413;send bill;2024-12-27 14:24:30;High_Costs
EVENT1652;CASE415;send bill;2024-12-27 18:22:14;High_Costs
EVENT1654;CASE414;send bill;2024-12-27 13:40:25;High_Costs
EVENT1657;CASE416;send bill;2024-12-27 13:40:27;High_Costs
EVENT1662;CASE417;send bill;2024-12-27 17:29:32;High_Costs
EVENT1665;CASE418;send bill;2024-12-27 14:56:10;High_Costs
EVENT1672;CASE419;send bill;2024-12-27 15:19:04;High_Costs
EVENT1675;CASE420;send bill;2024-12-30 08:40:32;High_Costs
EVENT1677;CASE421;send bill;2024-12-27 15:27:11;High_Costs
EVENT1681;CASE422;send bill;2024-12-30 08:17:32;High_Costs
EVENT1685;CASE423;send bill;2024-12-27 18:10:08;High_Costs
EVENT1689;CASE424;send bill;2024-12-30 08:14:04;High_Costs
EVENT1696;CASE425;send bill;2024-12-30 07:48:33;High_Costs
EVENT1699;CASE426;send bill;2024-12-30 10:16:48;High_Costs
EVENT1702;CASE427;send bill;2024-12-30 11:29:58;High_Costs
EVENT1709;CASE429;send bill;2024-12-30 09:50:22;High_Costs
EVENT1712;CASE428;send bill;2024-12-30 10:04:46;High_Costs
EVENT1717;CASE430;send bill;2024-12-30 11:38:03;High_Costs
EVENT1720;CASE431;send bill;2024-12-30 10:55:40;High_Costs
EVENT1723;CASE432;send bill;2024-12-30 12:23:08;High_Costs
EVENT1731;CASE434;send bill;2024-12-30 13:56:08;High_Costs
EVENT1733;CASE433;send bill;2024-12-30 14:55:17;High_Costs
EVENT1737;CASE435;send bill;2024-12-30 14:58:00;High_Costs
EVENT1740;CASE436;send bill;2024-12-30 15:09:33;High_Costs
EVENT1744;CASE437;send bill;2024-12-30 15:11:48;High_Costs
EVENT1749;CASE438;send bill;2024-12-30 18:13:17;High_Costs
EVENT1754;CASE441;send bill;2024-12-30 15:29:28;High_Costs
EVENT1755;CASE439;send bill;2024-12-30 17:10:54;High_Costs
EVENT1760;CASE440;send bill;2024-12-30 18:34:51;High_Costs
EVENT1764;CASE442;send bill;2024-12-30 19:17:58;High_Costs
EVENT1765;CASE443;send bill;2024-12-30 15:48:17;High_Costs
EVENT1770;CASE444;send bill;2024-12-31 08:42:34;High_Costs
EVENT1775;CASE445;send bill;2024-12-30 18:16:45;High_Costs
EVENT1782;CASE446;send bill;2024-12-31 12:12:06;High_Costs
EVENT1785;CASE447;send bill;2024-12-31 10:23:24;High_Costs
EVENT1789;CASE448;send bill;2024-12-31 11:20:14;High_Costs
EVENT1791;CASE449;send bill;2024-12-31 14:51:57;High_Costs
EVENT1795;CASE450;send bill;2024-12-31 11:50:12;High_Costs
EVENT1800;CASE452;send bill;2024-12-31 12:16:26;High_Costs
EVENT1801;CASE451;send bill;2024-12-31 10:54:49;High_Costs
EVENT1809;CASE453;send bill;2024-12-31 14:02:34;High_Costs
EVENT1812;CASE454;send bill;2024-12-31 13:55:06;High_Costs
EVENT1816;CASE455;send bill;2024-12-31 15:14:11;High_Costs
EVENT1820;CASE456;send bill;2024-12-31 14:46:09;High_Costs
EVENT1824;CASE457;send bill;2024-12-31 14:38:57;High_Costs
EVENT1826;CASE458;send bill;2024-12-31 16:05:26;High_Costs
EVENT1833;CASE459;send bill;2024-12-31 17:42:20;High_Costs
EVENT1836;CASE460;send bill;2024-12-31 16:56:47;High_Costs
EVENT1841;CASE461;send bill;2024-12-31 16:52:28;High_Costs
EVENT1847;CASE462;send bill;2025-01-01 09:28:52;High_Costs
EVENT1849;CASE463;send bill;2025-01-01 10:01:37;High_Costs
EVENT1853;CASE464;send bill;2025-01-01 10:48:59;High_Costs
EVENT1856;CASE465;send bill;2025-01-01 09:28:14;High_Costs
EVENT1860;CASE467;send bill;2025-01-01 10:31:41;High_Costs
EVENT1861;CASE466;send bill;2025-01-01 10:38:29;High_Costs
EVENT1867;CASE468;send bill;2025-01-01 11:16:40;High_Costs
EVENT1869;CASE469;send bill;2025-01-01 11:17:57;High_Costs
EVENT1877;CASE470;send bill;2025-01-01 11:18:42;High_Costs
EVENT1884;CASE472;send bill;2025-01-01 14:27:34;High_Costs
EVENT1886;CASE471;send bill;2025-01-01 14:55:56;High_Costs
EVENT1889;CASE473;send bill;2025-01-01 13:48:57;High_Costs
EVENT1893;CASE474;send bill;2025-01-01 15:13:51;High_Costs
EVENT1898;CASE475;send bill;2025-01-01 19:05:47;High_Costs
EVENT1902;CASE476;send bill;2025-01-01 15:39:52;High_Costs
EVENT1905;CASE477;send bill;2025-01-01 15:57:54;High_Costs
EVENT1909;CASE478;send bill;2025-01-01 18:36:55;High_Costs
EVENT1912;CASE479;send bill;2025-01-01 17:30:35;High_Costs
EVENT1916;CASE480;send bill;2025-01-01 18:59:51;High_Costs
EVENT1918;CASE481;send bill;2025-01-01 17:37:07;High_Costs
EVENT1921;CASE482;send bill;2025-01-02 10:22:43;High_Costs
EVENT1931;CASE484;send bill;2025-01-02 13:12:42;High_Costs
EVENT1934;CASE483;send bill;2025-01-02 09:32:39;High_Costs
EVENT1936;CASE486;send bill;2025-01-02 09:05:09;High_Costs
EVENT1939;CASE485;send bill;2025-01-02 09:17:29;High_Costs
EVENT1945;CASE488;send bill;2025-01-02 12:22:59;High_Costs
EVENT1948;CASE487;send bill;2025-01-02 14:48:12;High_Costs
EVENT1952;CASE489;send bill;2025-01-02 13:21:13;High_Costs
EVENT1956;CASE491;send bill;2025-01-02 14:16:25;High_Costs
EVENT1958;CASE490;send bill;2025-01-02 14:30:25;High_Costs
EVENT1962;CASE492;send bill;2025-01-02 15:24:19;High_Costs
EVENT1964;CASE493;send bill;2025-01-02 13:52:53;High_Costs
EVENT1971;CASE495;send bill;2025-01-02 14:48:28;High_Costs
EVENT1974;CASE494;send bill;2025-01-02 16:14:10;High_Costs
EVENT1977;CASE496;send bill;2025-01-02 16:56:13;High_Costs
EVENT1985;CASE497;send bill;2025-01-02 17:23:41;High_Costs
EVENT1988;CASE498;send bill;2025-01-02 19:23:16;High_Costs
EVENT1990;CASE499;send bill;2025-01-02 17:50:55;High_Costs
EVENT1995;CASE500;send bill;2025-01-02 18:34:00;High_Costs
EVENT2000;CASE501;send bill;2025-01-03 10:28:02;High_Costs
EVENT2003;CASE502;send bill;2025-01-03 09:59:48;High_Costs
EVENT2009;CASE503;send bill;2025-01-03 09:39:04;High_Costs
EVENT2013;CASE505;send bill;2025-01-03 10:12:40;High_Costs
EVENT2016;CASE504;send bill;2025-01-03 08:53:28;High_Costs
EVENT2017;CASE506;send bill;2025-01-03 10:08:16;High_Costs
EVENT2021;CASE507;send bill;2025-01-03 09:36:23;High_Costs
EVENT2023;CASE508;send bill;2025-01-03 16:13:49;High_Costs
EVENT2029;CASE509;send bill;2025-01-03 11:10:02;High_Costs
EVENT2032;CASE510;send bill;2025-01-03 11:14:36;High_Costs
EVENT2040;CASE511;send bill;2025-01-03 11:41:33;High_Costs
EVENT2045;CASE512;send bill;2025-01-03 13:49:32;High_Costs
EVENT2049;CASE514;send bill;2025-01-03 13:48:45;High_Costs
EVENT2055;CASE513;send bill;2025-01-03 19:37:48;High_Costs
EVENT2056;CASE515;send bill;2025-01-03 16:52:21;High_Costs
EVENT2059;CASE516;send bill;2025-01-03 17:26:41;High_Costs
EVENT2063;CASE517;send bill;2025-01-03 17:54:34;High_Costs
EVENT2070;CASE518;send bill;2025-01-06 09:03:47;High_Costs
EVENT2074;CASE520;send bill;2025-01-06 09:03:04;High_Costs
EVENT2076;CASE519;send bill;2025-01-06 09:48:26;High_Costs
EVENT2081;CASE521;send bill;2025-01-07 08:23:56;High_Costs
EVENT2083;CASE522;send bill;2025-01-06 10:49:56;High_Costs
EVENT2087;CASE523;send bill;2025-01-06 14:39:27;High_Costs
EVENT2092;CASE524;send bill;2025-01-06 11:52:33;High_Costs
EVENT2095;CASE525;send bill;2025-01-06 11:33:40;High_Costs
EVENT2098;CASE526;send bill;2025-01-06 11:59:42;High_Costs
EVENT2101;CASE527;send bill;2025-01-06 14:02:46;High_Costs
EVENT2108;CASE528;send bill;2025-01-06 11:59:56;High_Costs
EVENT2111;CASE530;send bill;2025-01-06 14:30:24;High_Costs
EVENT2116;CASE531;send bill;2025-01-06 16:47:48;High_Costs
EVENT2118;CASE529;send bill;2025-01-06 13:26:39;High_Costs
EVENT2121;CASE532;send bill;2025-01-06 13:57:09;High_Costs
EVENT2124;CASE533;send bill;2025-01-06 13:35:51;High_Costs
EVENT2126;CASE534;send bill;2025-01-06 15:20:31;High_Costs
EVENT2132;CASE535;send bill;2025-01-06 14:54:40;High_Costs
EVENT2139;CASE536;send bill;2025-01-06 16:46:21;High_Costs
EVENT2144;CASE537;send bill;2025-01-06 17:12:53;High_Costs
EVENT2150;CASE538;send bill;2025-01-06 17:56:52;High_Costs
EVENT2153;CASE539;send bill;2025-01-06 18:49:58;High_Costs
EVENT2156;CASE540;send bill;2025-01-07 07:34:37;High_Costs
EVENT2160;CASE542;send bill;2025-01-07 11:33:49;High_Costs
EVENT2162;CASE541;send bill;2025-01-07 11:16:47;High_Costs
EVENT2168;CASE543;send bill;2025-01-07 09:03:46;High_Costs
EVENT2171;CASE544;send bill;2025-01-07 10:29:34;High_Costs
EVENT2174;CASE545;send bill;2025-01-07 13:27:58;High_Costs
EVENT2180;CASE546;send bill;2025-01-07 12:42:30;High_Costs
EVENT2185;CASE547;send bill;2025-01-07 14:42:42;High_Costs
EVENT2189;CASE549;send bill;2025-01-07 13:21:35;High_Costs
EVENT2191;CASE548;send bill;2025-01-08 10:30:55;High_Costs
EVENT2197;CASE550;send bill;2025-01-07 15:44:28;High_Costs
EVENT2199;CASE551;send bill;2025-01-07 13:48:23;High_Costs
EVENT2205;CASE552;send bill;2025-01-07 14:58:49;High_Costs
EVENT2207;CASE553;send bill;2025-01-07 16:16:49;High_Costs
EVENT2212;CASE554;send bill;2025-01-07 16:17:21;High_Costs
EVENT2217;CASE555;send bill;2025-01-07 18:44:19;High_Costs
EVENT2222;CASE557;send bill;2025-01-07 16:55:26;High_Costs
EVENT2224;CASE558;send bill;2025-01-07 19:14:10;High_Costs
EVENT2227;CASE556;send bill;2025-01-08 10:19:51;High_Costs
EVENT2231;CASE559;send bill;2025-01-07 18:46:18;High_Costs
EVENT2234;CASE561;send bill;2025-01-08 08:22:34;High_Costs
EVENT2237;CASE560;send bill;2025-01-08 08:14:32;High_Costs
EVENT2243;CASE562;send bill;2025-01-08 08:01:07;High_Costs
EVENT2245;CASE563;send bill;2025-01-08 09:27:57;High_Costs
EVENT2251;CASE564;send bill;2025-01-08 12:00:30;High_Costs
EVENT2255;CASE565;send bill;2025-01-08 11:31:11;High_Costs
EVENT2259;CASE566;send bill;2025-01-08 12:47:31;High_Costs
EVENT2265;CASE567;send bill;2025-01-08 12:31:11;High_Costs
EVENT2269;CASE568;send bill;2025-01-08 12:58:58;High_Costs
EVENT2274;CASE569;send bill;2025-01-08 13:52:04;High_Costs
EVENT2278;CASE570;send bill;2025-01-08 15:41:44;High_Costs
EVENT2282;CASE571;send bill;2025-01-08 14:44:44;High_Costs
EVENT2284;CASE572;send bill;2025-01-08 15:30:13;High_Costs
EVENT2288;CASE573;send bill;2025-01-08 16:04:01;High_Costs
EVENT2294;CASE574;send bill;2025-01-08 15:43:30;High_Costs
EVENT2296;CASE575;send bill;2025-01-08 15:52:25;High_Costs
EVENT2301;CASE576;send bill;2025-01-08 17:37:08;High_Costs
EVENT2303;CASE577;send bill;2025-01-08 17:04:43;High_Costs
EVENT2309;CASE578;send bill;2025-01-08 18:02:41;High_Costs
EVENT2315;CASE579;send bill;2025-01-09 08:01:30;High_Costs
EVENT2319;CASE580;send bill;2025-01-09 12:23:13;High_Costs
EVENT2322;CASE581;send bill;2025-01-09 10:59:31;High_Costs
EVENT2325;CASE582;send bill;2025-01-09 14:19:36;High_Costs
EVENT2329;CASE583;send bill;2025-01-09 14:15:03;High_Costs
EVENT2331;CASE584;send bill;2025-01-09 13:08:47;High_Costs
EVENT2335;CASE585;send bill;2025-01-09 13:13:14;High_Costs
EVENT2340;CASE586;send bill;2025-01-09 14:40:21;High_Costs
EVENT2347;CASE587;send bill;2025-01-09 15:39:15;High_Costs
EVENT2349;CASE588;send bill;2025-01-09 17:50:13;High_Costs
EVENT2354;CASE589;send bill;2025-01-09 17:39:04;High_Costs
EVENT2358;CASE590;send bill;2025-01-10 10:05:07;High_Costs
EVENT2359;CASE591;send bill;2025-01-09 18:02:45;High_Costs
EVENT2363;CASE592;send bill;2025-01-10 08:21:18;High_Costs
EVENT2368;CASE593;send bill;2025-01-09 18:31:17;High_Costs
EVENT2371;CASE594;send bill;2025-01-10 09:38:47;High_Costs
EVENT2376;CASE596;send bill;2025-01-10 10:41:31;High_Costs
EVENT2378;CASE595;send bill;2025-01-10 09:48:15;High_Costs
EVENT2386;CASE597;send bill;2025-01-10 12:25:11;High_Costs
EVENT2389;CASE598;send bill;2025-01-10 12:54:51;High_Costs
EVENT2395;CASE599;send bill;2025-01-10 14:11:16;High_Costs
EVENT2399;CASE601;send bill;2025-01-10 14:21:12;High_Costs
EVENT2401;CASE602;send bill;2025-01-10 14:05:29;High_Costs
EVENT2404;CASE603;send bill;2025-01-10 14:12:37;High_Costs
EVENT2407;CASE600;send bill;2025-01-10 16:23:39;High_Costs
EVENT2410;CASE604;send bill;2025-01-10 15:22:23;High_Costs
EVENT2417;CASE605;send bill;2025-01-13 08:05:58;High_Costs
EVENT2421;CASE606;send bill;2025-01-10 15:57:58;High_Costs
EVENT2427;CASE607;send bill;2025-01-10 17:23:29;High_Costs
EVENT2429;CASE608;send bill;2025-01-13 08:37:16;High_Costs
EVENT2433;CASE609;send bill;2025-01-10 18:54:27;High_Costs
EVENT2435;CASE610;send bill;2025-01-10 17:46:54;High_Costs
EVENT2440;CASE611;send bill;2025-01-13 10:48:52;High_Costs
EVENT2445;CASE612;send bill;2025-01-13 10:58:24;High_Costs
EVENT2450;CASE613;send bill;2025-01-13 13:19:18;High_Costs
EVENT2454;CASE614;send bill;2025-01-13 13:28:52;High_Costs
EVENT2458;CASE615;send bill;2025-01-13 13:58:38;High_Costs
EVENT2460;CASE616;send bill;2025-01-13 16:13:20;High_Costs
EVENT2463;CASE617;send bill;2025-01-13 13:56:42;High_Costs
EVENT2466;CASE618;send bill;2025-01-13 13:49:52;High_Costs
EVENT2472;CASE619;send bill;2025-01-13 13:56:42;High_Costs
EVENT2476;CASE620;send bill;2025-01-13 15:11:16;High_Costs
EVENT2481;CASE621;send bill;2025-01-13 18:13:25;High_Costs
EVENT2485;CASE622;send bill;2025-01-13 16:42:08;High_Costs
EVENT2490;CASE623;send bill;2025-01-13 18:44:25;High_Costs
EVENT2492;CASE624;send bill;2025-01-14 07:35:33;High_Costs
EVENT2499;CASE625;send bill;2025-01-14 10:33:36;High_Costs
EVENT2503;CASE627;send bill;2025-01-14 10:27:43;High_Costs
EVENT2505;CASE626;send bill;2025-01-14 09:11:04;High_Costs
EVENT2508;CASE628;send bill;2025-01-14 11:28:10;High_Costs
EVENT2513;CASE629;send bill;2025-01-14 12:06:38;High_Costs
EVENT2518;CASE630;send bill;2025-01-14 16:19:43;High_Costs
EVENT2522;CASE631;send bill;2025-01-14 13:20:19;High_Costs
EVENT2526;CASE633;send bill;2025-01-14 13:58:42;High_Costs
EVENT2529;CASE632;send bill;2025-01-14 13:44:59;High_Costs
EVENT2533;CASE636;send bill;2025-01-14 13:51:45;High_Costs
EVENT2536;CASE634;send bill;2025-01-14 17:33:54;High_Costs
EVENT2538;CASE635;send bill;2025-01-14 15:23:50;High_Costs
EVENT2544;CASE637;send bill;2025-01-14 14:59:02;High_Costs
EVENT2546;CASE638;send bill;2025-01-14 16:35:22;High_Costs
EVENT2552;CASE639;send bill;2025-01-14 16:34:04;High_Costs
EVENT2555;CASE640;send bill;2025-01-15 10:33:14;High_Costs
EVENT2561;CASE641;send bill;2025-01-14 18:42:17;High_Costs
EVENT2566;CASE642;send bill;2025-01-15 09:53:37;High_Costs
EVENT2568;CASE643;send bill;2025-01-15 10:19:00;High_Costs
EVENT2572;CASE644;send bill;2025-01-15 12:14:23;High_Costs
EVENT2576;CASE645;send bill;2025-01-15 11:10:38;High_Costs
EVENT2581;CASE646;send bill;2025-01-15 14:07:10;High_Costs
EVENT2585;CASE647;send bill;2025-01-15 12:51:28;High_Costs
EVENT2588;CASE648;send bill;2025-01-15 14:48:38;High_Costs
EVENT2593;CASE649;send bill;2025-01-15 14:01:46;High_Costs
EVENT2596;CASE650;send bill;2025-01-15 15:16:06;High_Costs
EVENT2601;CASE652;send bill;2025-01-15 15:36:11;High_Costs
EVENT2604;CASE651;send bill;2025-01-15 17:03:39;High_Costs
EVENT2606;CASE653;send bill;2025-01-15 16:27:20;High_Costs
EVENT2613;CASE655;send bill;2025-01-15 18:30:10;High_Costs
EVENT2617;CASE654;send bill;2025-01-15 16:31:27;High_Costs
EVENT2620;CASE656;send bill;2025-01-15 17:32:56;High_Costs
EVENT2623;CASE657;send bill;2025-01-16 09:08:52;High_Costs
EVENT2629;CASE658;send bill;2025-01-16 09:57:02;High_Costs
EVENT2633;CASE659;send bill;2025-01-16 07:56:15;High_Costs
EVENT2635;CASE660;send bill;2025-01-16 08:46:33;High_Costs
EVENT2640;CASE662;send bill;2025-01-16 12:17:19;High_Costs
EVENT2642;CASE661;send bill;2025-01-16 10:10:01;High_Costs
EVENT2650;CASE663;send bill;2025-01-16 11:42:45;High_Costs
EVENT2653;CASE665;send bill;2025-01-16 15:00:22;High_Costs
EVENT2656;CASE666;send bill;2025-01-16 11:50:52;High_Costs
EVENT2659;CASE664;send bill;2025-01-16 12:34:14;High_Costs
EVENT2662;CASE667;send bill;2025-01-16 11:41:28;High_Costs
EVENT2666;CASE668;send bill;2025-01-16 13:26:24;High_Costs
EVENT2673;CASE669;send bill;2025-01-16 14:58:14;High_Costs
EVENT2677;CASE670;send bill;2025-01-16 16:23:34;High_Costs
EVENT2680;CASE671;send bill;2025-01-16 18:13:04;High_Costs
EVENT2686;CASE672;send bill;2025-01-16 18:33:38;High_Costs
EVENT2688;CASE673;send bill;2025-01-16 19:10:30;High_Costs
EVENT2691;CASE674;send bill;2025-01-16 19:48:51;High_Costs
EVENT2699;CASE675;send bill;2025-01-17 07:47:30;High_Costs
EVENT2702;CASE676;send bill;2025-01-17 11:45:55;High_Costs
EVENT2706;CASE677;send bill;2025-01-17 11:08:30;High_Costs
EVENT2709;CASE678;send bill;2025-01-17 10:51:17;High_Costs
EVENT2713;CASE679;send bill;2025-01-17 11:55:25;High_Costs
EVENT2715;CASE681;send bill;2025-01-17 13:38:58;High_Costs
EVENT2718;CASE680;send bill;2025-01-17 10:53:27;High_Costs
EVENT2724;CASE682;send bill;2025-01-17 14:23:01;High_Costs
EVENT2728;CASE683;send bill;2025-01-17 14:59:02;High_Costs
EVENT2732;CASE684;send bill;2025-01-17 13:16:55;High_Costs
EVENT2736;CASE685;send bill;2025-01-17 15:09:18;High_Costs
EVENT2739;CASE686;send bill;2025-01-17 14:34:58;High_Costs
EVENT2741;CASE687;send bill;2025-01-17 15:39:57;High_Costs
EVENT2748;CASE688;send bill;2025-01-17 14:57:49;High_Costs
EVENT2755;CASE689;send bill;2025-01-17 16:30:15;High_Costs
EVENT2759;CASE690;send bill;2025-01-17 18:45:56;High_Costs
EVENT2761;CASE691;send bill;2025-01-17 16:24:04;High_Costs
EVENT2763;CASE692;send bill;2025-01-17 18:44:50;High_Costs
EVENT2768;CASE693;send bill;2025-01-17 18:42:31;High_Costs
EVENT2773;CASE694;send bill;2025-01-20 08:29:59;High_Costs
EVENT2776;CASE695;send bill;2025-01-20 08:59:08;High_Costs
EVENT2780;CASE696;send bill;2025-01-20 09:52:25;High_Costs
EVENT2787;CASE698;send bill;2025-01-20 13:25:22;High_Costs
EVENT2790;CASE697;send bill;2025-01-20 11:43:51;High_Costs
EVENT2793;CASE699;send bill;2025-01-20 11:30:22;High_Costs
EVENT2796;CASE700;send bill;2025-01-20 14:01:58;High_Costs
EVENT2801;CASE701;send bill;2025-01-20 12:18:11;High_Costs
EVENT2803;CASE702;send bill;2025-01-20 13:21:49;High_Costs
EVENT2809;CASE703;send bill;2025-01-20 13:52:04;High_Costs
EVENT2813;CASE704;send bill;2025-01-20 15:08:31;High_Costs
EVENT2817;CASE705;send bill;2025-01-20 16:29:16;High_Costs
EVENT2819;CASE706;send bill;2025-01-20 16:16:10;High_Costs
EVENT2825;CASE707;send bill;2025-01-21 13:52:06;High_Costs
EVENT2829;CASE708;send bill;2025-01-20 17:39:58;High_Costs
EVENT2834;CASE709;send bill;2025-01-21 09:41:11;High_Costs
EVENT2837;CASE710;send bill;2025-01-21 11:01:06;High_Costs
EVENT2840;CASE711;send bill;2025-01-21 09:51:38;High_Costs
EVENT2844;CASE712;send bill;2025-01-21 13:29:26;High_Costs
EVENT2847;CASE713;send bill;2025-01-21 13:01:03;High_Costs
EVENT2852;CASE714;send bill;2025-01-21 13:32:52;High_Costs
EVENT2855;CASE715;send bill;2025-01-21 11:42:30;High_Costs
EVENT2858;CASE716;send bill;2025-01-21 15:40:49;High_Costs
EVENT2861;CASE717;send bill;2025-01-21 13:50:53;High_Costs
EVENT2863;CASE718;send bill;2025-01-21 11:45:24;High_Costs
EVENT2871;CASE719;send bill;2025-01-21 15:42:02;High_Costs
EVENT2873;CASE720;send bill;2025-01-21 13:37:34;High_Costs
EVENT2878;CASE721;send bill;2025-01-21 13:49:00;High_Costs
EVENT2887;CASE722;send bill;2025-01-21 15:52:03;High_Costs
EVENT2888;CASE723;send bill;2025-01-21 15:14:27;High_Costs
EVENT2895;CASE724;send bill;2025-01-21 17:32:37;High_Costs
EVENT2897;CASE725;send bill;2025-01-22 09:49:24;High_Costs
EVENT2900;CASE726;send bill;2025-01-22 07:52:30;High_Costs
EVENT2904;CASE727;send bill;2025-01-21 16:51:35;High_Costs
EVENT2911;CASE729;send bill;2025-01-22 11:43:03;High_Costs
EVENT2912;CASE728;send bill;2025-01-21 18:43:06;High_Costs
EVENT2914;CASE730;send bill;2025-01-22 07:39:12;High_Costs
EVENT2918;CASE731;send bill;2025-01-22 09:14:28;High_Costs
EVENT2920;CASE732;send bill;2025-01-21 18:37:34;High_Costs
EVENT2929;CASE733;send bill;2025-01-22 11:45:30;High_Costs
EVENT2932;CASE734;send bill;2025-01-22 10:41:43;High_Costs
EVENT2933;CASE735;send bill;2025-01-22 09:37:27;High_Costs
EVENT2940;CASE736;send bill;2025-01-22 09:53:40;High_Costs
EVENT2942;CASE737;send bill;2025-01-22 11:27:57;High_Costs
EVENT2948;CASE738;send bill;2025-01-22 11:34:30;High_Costs
EVENT2955;CASE739;send bill;2025-01-22 13:12:58;High_Costs
EVENT2958;CASE740;send bill;2025-01-22 14:34:35;High_Costs
EVENT2962;CASE742;send bill;2025-01-22 14:59:40;High_Costs
EVENT2965;CASE741;send bill;2025-01-22 16:18:17;High_Costs
EVENT2969;CASE743;send bill;2025-01-22 14:47:17;High_Costs
EVENT2973;CASE744;send bill;2025-01-22 16:52:18;High_Costs
EVENT2974;CASE745;send bill;2025-01-23 10:26:28;High_Costs
EVENT2981;CASE747;send bill;2025-01-23 09:07:22;High_Costs
EVENT2982;CASE746;send bill;2025-01-23 09:37:55;High_Costs
EVENT2988;CASE748;send bill;2025-01-23 08:59:08;High_Costs
EVENT2991;CASE749;send bill;2025-01-23 08:05:28;High_Costs
EVENT2994;CASE750;send bill;2025-01-23 09:10:43;High_Costs
EVENT2997;CASE751;send bill;2025-01-23 07:39:34;High_Costs
EVENT3002;CASE754;send bill;2025-01-23 08:56:17;High_Costs
EVENT3005;CASE753;send bill;2025-01-23 10:35:13;High_Costs
EVENT3007;CASE752;send bill;2025-01-23 11:10:04;High_Costs
EVENT3016;CASE756;send bill;2025-01-23 10:46:29;High_Costs
EVENT3020;CASE755;send bill;2025-01-23 12:19:31;High_Costs
EVENT3025;CASE758;send bill;2025-01-23 13:41:13;High_Costs
EVENT3026;CASE757;send bill;2025-01-23 11:42:07;High_Costs
EVENT3029;CASE759;send bill;2025-01-23 10:55:34;High_Costs
EVENT3034;CASE760;send bill;2025-01-23 12:24:49;High_Costs
EVENT3039;CASE761;send bill;2025-01-23 12:54:07;High_Costs
EVENT3045;CASE762;send bill;2025-01-23 13:08:09;High_Costs
EVENT3048;CASE763;send bill;2025-01-23 13:10:15;High_Costs
EVENT3051;CASE764;send bill;2025-01-23 13:51:57;High_Costs
EVENT3058;CASE765;send bill;2025-01-23 16:52:54;High_Costs
EVENT3061;CASE766;send bill;2025-01-23 16:48:00;High_Costs
EVENT3064;CASE767;send bill;2025-01-23 16:41:57;High_Costs
EVENT3068;CASE768;send bill;2025-01-23 18:14:10;High_Costs
EVENT3074;CASE769;send bill;2025-01-23 18:18:51;High_Costs
EVENT3076;CASE770;send bill;2025-01-24 08:54:01;High_Costs
EVENT3083;CASE772;send bill;2025-01-24 08:40:14;High_Costs
EVENT3084;CASE771;send bill;2025-01-24 09:50:32;High_Costs
EVENT3091;CASE773;send bill;2025-01-24 11:28:30;High_Costs
EVENT3094;CASE774;send bill;2025-01-24 11:50:00;High_Costs
EVENT3096;CASE775;send bill;2025-01-24 13:33:37;High_Costs
EVENT3101;CASE776;send bill;2025-01-24 15:50:42;High_Costs
EVENT3105;CASE777;send bill;2025-01-24 14:22:59;High_Costs
EVENT3108;CASE778;send bill;2025-01-24 15:21:21;High_Costs
EVENT3114;CASE779;send bill;2025-01-24 14:47:01;High_Costs
EVENT3115;CASE780;send bill;2025-01-24 16:06:20;High_Costs
EVENT3118;CASE781;send bill;2025-01-24 15:58:37;High_Costs
EVENT3123;CASE782;send bill;2025-01-24 16:54:52;High_Costs
EVENT3128;CASE783;send bill;2025-01-24 17:18:44;High_Costs
EVENT3135;CASE784;send bill;2025-01-27 10:45:57;High_Costs
EVENT3137;CASE785;send bill;2025-01-27 09:23:44;High_Costs
EVENT3140;CASE786;send bill;2025-01-27 09:39:57;High_Costs
EVENT3143;CASE787;send bill;2025-01-27 10:35:25;High_Costs
EVENT3150;CASE788;send bill;2025-01-27 13:38:23;High_Costs
EVENT3154;CASE789;send bill;2025-01-27 12:38:08;High_Costs
EVENT3157;CASE790;send bill;2025-01-27 13:56:19;High_Costs
EVENT3161;CASE791;send bill;2025-01-27 14:12:30;High_Costs
EVENT3166;CASE792;send bill;2025-01-27 15:29:58;High_Costs
EVENT3170;CASE793;send bill;2025-01-27 16:29:11;High_Costs
EVENT3172;CASE794;send bill;2025-01-27 16:17:52;High_Costs
EVENT3175;CASE795;send bill;2025-01-27 17:13:18;High_Costs
EVENT3180;CASE796;send bill;2025-01-27 17:30:18;High_Costs
EVENT3184;CASE797;send bill;2025-01-28 08:54:43;High_Costs
EVENT3188;CASE798;send bill;2025-01-28 08:36:41;High_Costs
EVENT3193;CASE799;send bill;2025-01-27 18:51:12;High_Costs
EVENT3196;CASE800;send bill;2025-01-28 09:29:49;High_Costs
EVENT3199;CASE801;send bill;2025-01-28 09:23:04;High_Costs
EVENT3204;CASE802;send bill;2025-01-28 10:15:46;High_Costs
EVENT3207;CASE803;send bill;2025-01-28 11:58:53;High_Costs
EVENT3213;CASE804;send bill;2025-01-28 10:53:55;High_Costs
EVENT3216;CASE805;send bill;2025-01-28 10:49:49;High_Costs
EVENT3223;CASE807;send bill;2025-01-28 10:56:52;High_Costs
EVENT3225;CASE806;send bill;2025-01-28 12:24:58;High_Costs
EVENT3229;CASE808;send bill;2025-01-28 12:59:58;High_Costs
EVENT3231;CASE809;send bill;2025-01-28 14:16:19;High_Costs
EVENT3238;CASE811;send bill;2025-01-28 14:18:54;High_Costs
EVENT3243;CASE812;send bill;2025-01-28 14:46:08;High_Costs
EVENT3245;CASE813;send bill;2025-01-28 13:41:00;High_Costs
EVENT3247;CASE810;send bill;2025-01-28 15:05:26;High_Costs
EVENT3250;CASE814;send bill;2025-01-28 15:06:04;High_Costs
EVENT3259;CASE816;send bill;2025-01-28 15:23:04;High_Costs
EVENT3262;CASE815;send bill;2025-01-28 17:37:08;High_Costs
EVENT3265;CASE817;send bill;2025-01-28 18:27:27;High_Costs
EVENT3269;CASE818;send bill;2025-01-29 10:14:03;High_Costs
EVENT3273;CASE819;send bill;2025-01-29 10:41:15;High_Costs
EVENT3279;CASE822;send bill;2025-01-29 09:27:46;High_Costs
EVENT3281;CASE820;send bill;2025-01-29 11:42:46;High_Costs
EVENT3282;CASE821;send bill;2025-01-29 09:44:05;High_Costs
EVENT3286;CASE823;send bill;2025-01-29 10:43:56;High_Costs
EVENT3290;CASE824;send bill;2025-01-29 09:59:30;High_Costs
EVENT3299;CASE825;send bill;2025-01-29 15:25:07;High_Costs
EVENT3302;CASE826;send bill;2025-01-29 14:10:47;High_Costs
EVENT3306;CASE827;send bill;2025-01-29 16:07:06;High_Costs
EVENT3308;CASE828;send bill;2025-01-30 08:02:11;High_Costs
EVENT3311;CASE829;send bill;2025-01-29 15:54:05;High_Costs
EVENT3316;CASE830;send bill;2025-01-29 16:54:04;High_Costs
EVENT3320;CASE831;send bill;2025-01-29 16:59:40;High_Costs
EVENT3324;CASE832;send bill;2025-01-29 16:59:25;High_Costs
EVENT3330;CASE833;send bill;2025-01-30 10:07:57;High_Costs
EVENT3333;CASE834;send bill;2025-01-30 10:37:49;High_Costs
EVENT3336;CASE835;send bill;2025-01-30 10:45:41;High_Costs
EVENT3340;CASE836;send bill;2025-01-30 10:53:01;High_Costs
EVENT3346;CASE837;send bill;2025-01-30 14:10:38;High_Costs
EVENT3350;CASE838;send bill;2025-01-30 13:53:15;High_Costs
EVENT3353;CASE839;send bill;2025-01-30 14:54:59;High_Costs
EVENT3358;CASE840;send bill;2025-01-30 17:08:43;High_Costs
EVENT3362;CASE841;send bill;2025-01-30 16:57:59;High_Costs
EVENT3365;CASE842;send bill;2025-01-30 16:39:35;High_Costs
EVENT3371;CASE843;send bill;2025-01-31 09:02:16;High_Costs
EVENT3373;CASE844;send bill;2025-01-31 09:51:38;High_Costs
EVENT3377;CASE845;send bill;2025-01-31 08:30:43;High_Costs
EVENT3382;CASE846;send bill;2025-01-31 12:28:47;High_Costs
EVENT3385;CASE847;send bill;2025-01-31 10:45:22;High_Costs
EVENT3390;CASE848;send bill;2025-01-31 14:42:48;High_Costs
EVENT3394;CASE849;send bill;2025-01-31 14:22:18;High_Costs
EVENT3397;CASE850;send bill;2025-01-31 15:13:04;High_Costs
EVENT3401;CASE851;send bill;2025-01-31 17:00:38;High_Costs
EVENT3407;CASE852;send bill;2025-01-31 18:44:02;High_Costs
EVENT3409;CASE853;send bill;2025-01-31 18:50:41;High_Costs
EVENT3415;CASE854;send bill;2025-02-03 09:26:58;High_Costs
EVENT3418;CASE855;send bill;2025-02-03 11:17:56;High_Costs
EVENT3421;CASE856;send bill;2025-02-03 14:59:28;High_Costs
EVENT3424;CASE857;send bill;2025-02-03 12:28:00;High_Costs
EVENT3429;CASE858;send bill;2025-02-03 12:12:17;High_Costs
EVENT3433;CASE859;send bill;2025-02-03 12:33:12;High_Costs
EVENT3439;CASE861;send bill;2025-02-03 14:19:59;High_Costs
EVENT3441;CASE860;send bill;2025-02-03 16:51:43;High_Costs
EVENT3444;CASE862;send bill;2025-02-03 15:09:10;High_Costs
EVENT3452;CASE865;send bill;2025-02-03 17:32:51;High_Costs
EVENT3455;CASE866;send bill;2025-02-04 08:01:36;High_Costs
EVENT3457;CASE863;send bill;2025-02-03 17:23:11;High_Costs
EVENT3459;CASE864;send bill;2025-02-03 17:06:41;High_Costs
EVENT3461;CASE867;send bill;2025-02-03 17:13:55;High_Costs
EVENT3464;CASE868;send bill;2025-02-04 10:26:11;High_Costs
EVENT3473;CASE869;send bill;2025-02-03 19:34:32;High_Costs
EVENT3476;CASE870;send bill;2025-02-04 11:29:43;High_Costs
EVENT3481;CASE872;send bill;2025-02-04 09:11:05;High_Costs
EVENT3484;CASE873;send bill;2025-02-04 11:08:20;High_Costs
EVENT3487;CASE874;send bill;2025-02-04 09:22:45;High_Costs
EVENT3489;CASE871;send bill;2025-02-04 09:24:57;High_Costs
EVENT3494;CASE875;send bill;2025-02-04 10:48:55;High_Costs
EVENT3498;CASE876;send bill;2025-02-04 09:45:42;High_Costs
EVENT3504;CASE877;send bill;2025-02-04 14:46:18;High_Costs
EVENT3508;CASE878;send bill;2025-02-04 12:14:38;High_Costs
EVENT3512;CASE879;send bill;2025-02-04 15:33:47;High_Costs
EVENT3517;CASE880;send bill;2025-02-04 15:56:58;High_Costs
EVENT3520;CASE881;send bill;2025-02-04 16:50:47;High_Costs
EVENT3523;CASE882;send bill;2025-02-04 15:54:14;High_Costs
EVENT3528;CASE883;send bill;2025-02-04 18:14:11;High_Costs
EVENT3531;CASE885;send bill;2025-02-04 16:23:58;High_Costs
EVENT3535;CASE886;send bill;2025-02-04 14:54:48;High_Costs
EVENT3536;CASE887;send bill;2025-02-04 16:33:27;High_Costs
EVENT3539;CASE884;send bill;2025-02-04 16:21:37;High_Costs
EVENT3545;CASE888;send bill;2025-02-04 16:22:16;High_Costs
EVENT3550;CASE889;send bill;2025-02-04 16:47:47;High_Costs
EVENT3553;CASE890;send bill;2025-02-04 17:43:49;High_Costs
EVENT3556;CASE891;send bill;2025-02-04 16:44:16;High_Costs
EVENT3560;CASE892;send bill;2025-02-04 19:46:02;High_Costs
EVENT3568;CASE893;send bill;2025-02-04 19:43:12;High_Costs
EVENT3573;CASE894;send bill;2025-02-05 09:18:22;High_Costs
EVENT3576;CASE895;send bill;2025-02-05 09:36:27;High_Costs
EVENT3580;CASE896;send bill;2025-02-05 11:06:14;High_Costs
EVENT3585;CASE897;send bill;2025-02-05 10:16:52;High_Costs
EVENT3590;CASE898;send bill;2025-02-05 10:47:00;High_Costs
EVENT3596;CASE899;send bill;2025-02-05 14:54:05;High_Costs
EVENT3597;CASE900;send bill;2025-02-05 16:15:19;High_Costs
EVENT3600;CASE901;send bill;2025-02-05 16:24:37;High_Costs
EVENT3605;CASE902;send bill;2025-02-05 16:48:16;High_Costs
EVENT3609;CASE904;send bill;2025-02-05 16:19:08;High_Costs
EVENT3612;CASE903;send bill;2025-02-05 16:19:59;High_Costs
EVENT3614;CASE905;send bill;2025-02-05 16:37:30;High_Costs
EVENT3619;CASE906;send bill;2025-02-06 08:32:36;High_Costs
EVENT3625;CASE907;send bill;2025-02-05 19:19:04;High_Costs
EVENT3628;CASE908;send bill;2025-02-06 09:12:23;High_Costs
EVENT3631;CASE909;send bill;2025-02-06 09:52:55;High_Costs
EVENT3639;CASE912;send bill;2025-02-06 09:39:50;High_Costs
EVENT3642;CASE910;send bill;2025-02-06 12:21:39;High_Costs
EVENT3643;CASE911;send bill;2025-02-06 09:45:17;High_Costs
EVENT3646;CASE913;send bill;2025-02-06 09:47:53;High_Costs
EVENT3654;CASE914;send bill;2025-02-06 12:46:20;High_Costs
EVENT3656;CASE915;send bill;2025-02-06 12:37:53;High_Costs
EVENT3660;CASE916;send bill;2025-02-06 11:52:58;High_Costs
EVENT3663;CASE917;send bill;2025-02-06 12:58:28;High_Costs
EVENT3665;CASE918;send bill;2025-02-06 13:13:51;High_Costs
EVENT3668;CASE919;send bill;2025-02-06 14:21:32;High_Costs
EVENT3672;CASE920;send bill;2025-02-06 15:07:24;High_Costs
EVENT3680;CASE921;send bill;2025-02-06 16:17:16;High_Costs
EVENT3684;CASE922;send bill;2025-02-06 14:44:52;High_Costs
EVENT3687;CASE923;send bill;2025-02-06 17:57:40;High_Costs
EVENT3693;CASE924;send bill;2025-02-06 18:42:09;High_Costs
EVENT3695;CASE925;send bill;2025-02-06 18:19:15;High_Costs
EVENT3698;CASE926;send bill;2025-02-06 18:05:30;High_Costs
EVENT3703;CASE927;send bill;2025-02-06 17:27:21;High_Costs
EVENT3705;CASE928;send bill;2025-02-07 08:26:18;High_Costs
EVENT3709;CASE929;send bill;2025-02-07 07:40:49;High_Costs
EVENT3711;CASE930;send bill;2025-02-06 19:31:55;High_Costs
EVENT3720;CASE931;send bill;2025-02-07 08:34:23;High_Costs
EVENT3724;CASE932;send bill;2025-02-07 08:35:04;High_Costs
EVENT3729;CASE933;send bill;2025-02-07 14:54:02;High_Costs
EVENT3734;CASE934;send bill;2025-02-07 14:54:13;High_Costs
EVENT3737;CASE935;send bill;2025-02-07 09:49:52;High_Costs
EVENT3740;CASE936;send bill;2025-02-07 12:12:35;High_Costs
EVENT3744;CASE937;send bill;2025-02-07 13:06:05;High_Costs
EVENT3747;CASE938;send bill;2025-02-07 14:12:47;High_Costs
EVENT3752;CASE939;send bill;2025-02-07 14:46:17;High_Costs
EVENT3755;CASE940;send bill;2025-02-07 15:28:35;High_Costs
EVENT3761;CASE941;send bill;2025-02-07 15:12:12;High_Costs
EVENT3766;CASE942;send bill;2025-02-07 17:44:32;High_Costs
EVENT3771;CASE943;send bill;2025-02-10 08:49:05;High_Costs
EVENT3774;CASE944;send bill;2025-02-10 10:09:53;High_Costs
EVENT3776;CASE945;send bill;2025-02-10 10:08:47;High_Costs
EVENT3781;CASE946;send bill;2025-02-10 09:18:30;High_Costs
EVENT3783;CASE947;send bill;2025-02-10 10:55:58;High_Costs
EVENT3787;CASE949;send bill;2025-02-10 09:59:50;High_Costs
EVENT3789;CASE948;send bill;2025-02-10 14:20:33;High_Costs
EVENT3793;CASE951;send bill;2025-02-10 09:49:33;High_Costs
EVENT3797;CASE952;send bill;2025-02-10 11:01:58;High_Costs
EVENT3799;CASE950;send bill;2025-02-10 14:14:15;High_Costs
EVENT3802;CASE953;send bill;2025-02-10 12:33:40;High_Costs
EVENT3813;CASE954;send bill;2025-02-10 12:18:06;High_Costs
EVENT3815;CASE956;send bill;2025-02-10 12:51:40;High_Costs
EVENT3818;CASE955;send bill;2025-02-10 13:31:50;High_Costs
EVENT3820;CASE957;send bill;2025-02-10 12:51:19;High_Costs
EVENT3828;CASE958;send bill;2025-02-10 15:15:55;High_Costs
EVENT3832;CASE959;send bill;2025-02-10 14:10:53;High_Costs
EVENT3837;CASE960;send bill;2025-02-10 14:28:40;High_Costs
EVENT3840;CASE961;send bill;2025-02-10 14:40:04;High_Costs
EVENT3845;CASE962;send bill;2025-02-10 17:26:17;High_Costs
EVENT3849;CASE963;send bill;2025-02-10 18:39:45;High_Costs
EVENT3853;CASE964;send bill;2025-02-10 17:20:29;High_Costs
EVENT3855;CASE965;send bill;2025-02-10 16:57:22;High_Costs
EVENT3859;CASE967;send bill;2025-02-11 10:09:45;High_Costs
EVENT3863;CASE966;send bill;2025-02-11 10:08:21;High_Costs
EVENT3868;CASE968;send bill;2025-02-11 09:28:21;High_Costs
EVENT3870;CASE969;send bill;2025-02-11 07:27:55;High_Costs
EVENT3876;CASE970;send bill;2025-02-11 09:01:10;High_Costs
EVENT3880;CASE971;send bill;2025-02-11 10:27:00;High_Costs
EVENT3884;CASE972;send bill;2025-02-11 10:36:39;High_Costs
EVENT3888;CASE973;send bill;2025-02-11 12:45:56;High_Costs
EVENT3890;CASE974;send bill;2025-02-11 10:30:58;High_Costs
EVENT3895;CASE976;send bill;2025-02-11 10:34:12;High_Costs
EVENT3897;CASE975;send bill;2025-02-11 10:39:19;High_Costs
EVENT3905;CASE977;send bill;2025-02-11 11:49:26;High_Costs
EVENT3908;CASE978;send bill;2025-02-11 11:55:09;High_Costs
EVENT3912;CASE980;send bill;2025-02-11 13:40:36;High_Costs
EVENT3914;CASE979;send bill;2025-02-11 13:32:49;High_Costs
EVENT3921;CASE981;send bill;2025-02-11 14:54:21;High_Costs
EVENT3925;CASE982;send bill;2025-02-11 15:57:51;High_Costs
EVENT3928;CASE983;send bill;2025-02-11 16:14:10;High_Costs
EVENT3931;CASE984;send bill;2025-02-11 15:24:06;High_Costs
EVENT3937;CASE985;send bill;2025-02-11 16:34:35;High_Costs
EVENT3938;CASE986;send bill;2025-02-11 16:25:33;High_Costs
EVENT3946;CASE988;send bill;2025-02-11 16:24:24;High_Costs
EVENT3948;CASE987;send bill;2025-02-11 15:34:54;High_Costs
EVENT3949;CASE990;send bill;2025-02-11 17:49:41;High_Costs
EVENT3951;CASE989;send bill;2025-02-12 08:00:55;High_Costs
EVENT3957;CASE992;send bill;2025-02-11 15:45:50;High_Costs
EVENT3958;CASE991;send bill;2025-02-11 17:03:27;High_Costs
EVENT3962;CASE993;send bill;2025-02-11 17:10:02;High_Costs
EVENT3973;CASE994;send bill;2025-02-11 18:42:08;High_Costs
EVENT3975;CASE995;send bill;2025-02-12 10:21:58;High_Costs
EVENT3979;CASE996;send bill;2025-02-11 19:16:10;High_Costs
EVENT3982;CASE997;send bill;2025-02-12 10:10:37;High_Costs
EVENT3987;CASE998;send bill;2025-02-12 10:30:06;High_Costs
EVENT3991;CASE999;send bill;2025-02-12 10:57:24;High_Costs
EVENT3994;CASE1000;send bill;2025-02-12 09:34:58;High_Costs
